step;price;dividend;variation;volume;is_rationed;pct_bit;excess_demand
0;80;10;0;0;0;0;0
0;0.01000000000000000020816681711721685132943093776702880859375;10;0;0;True;-38.50378658578473390707835546;2.8E-27
1;0.01000000000000000020816681711721685132943093776702880859375;9.969525222177665050119252706;0;0;True;-49.31960452694732577145021326;-1E-27
2;0.01000000000000000020816681711721685132943093776702880859375;9.958256604460937240039397089;0;0;True;-49.46820576115326100380493324;1E-27
3;0.01000000000000000020816681711721685132943093776702880859375;9.959880473369748781528591326;0;0;True;-48.94056867367934953215849459;3.2E-29
4;0.01000000000000000020816681711721685132943093776702880859375;9.924346446170066115197605242;0;0;True;-49.30473498408409226976642574;-2.49E-27
5;0.01000000000000000020816681711721685132943093776702880859375;9.873953169889977015955148030;0;0;True;-49.21323895119477857322081013;5.0E-28
6;0.01000000000000000020816681711721685132943093776702880859375;9.756699829176137971964169788;0;0;True;-50.32622421169222746779380542;-1E-29
7;0.01000000000000000020816681711721685132943093776702880859375;9.827716928074420361720921456;0;0;True;-49.13564098453853824200962681;-1.58E-27
8;0.01000000000000000020816681711721685132943093776702880859375;9.810001685605473511229013585;0;0;True;-49.37030648784751833217681891;-2.5E-27
9;0.01000000000000000020816681711721685132943093776702880859375;9.742003505817316661196590236;0;0;True;-49.38660827787896535912240298;-8.4E-28
10;0.01000000000000000020816681711721685132943093776702880859375;9.856799542643474896603047123;0;0;True;-48.12458913119291470458450389;9.4E-28
11;0.01000000000000000020816681711721685132943093776702880859375;9.976465564196730700537517792;0;0;True;-44.28110109257357838253623966;-3E-28
12;0.01000000000000000020816681711721685132943093776702880859375;10.05066979560541619615545509;0;0;True;-210.4231118408139163451592671;-1.126E-26
13;0.01000000000000000020816681711721685132943093776702880859375;10.02530035027483738547920456;0;0;True;-55.28378403682918408606545008;6.6E-27
14;0.01000000000000000020816681711721685132943093776702880859375;10.07499775430147840015846397;0;0;True;-60.33170403107351229510008374;-8.7E-28
15;0.01000000000000000020816681711721685132943093776702880859375;10.12744754054822255199405090;0;0;True;-237.1729542115994542803221486;-1.41E-26
16;0.01000000000000000020816681711721685132943093776702880859375;10.24845316657563685812304941;0;0;True;-52.93127462758568403482963565;1.7758E-26
17;0.01000000000000000020816681711721685132943093776702880859375;10.44308644437463337138953576;0;0;True;-53.22367139577151331318143955;-3.1E-27
18;0.01000000000000000020816681711721685132943093776702880859375;10.46445269709539092585927433;0;0;True;-54.41816324606468779177591663;4E-28
19;0.01000000000000000020816681711721685132943093776702880859375;10.43943813567200697018445527;0;0;True;-54.37051268567130828344076487;-8.9E-28
20;0.01000000000000000020816681711721685132943093776702880859375;10.44578846731547883348623511;0;0;True;-53.85716851516777854340367681;1.007E-27
21;0.01000000000000000020816681711721685132943093776702880859375;10.53600504263513441442018376;0;0;True;-323.8013009165987049244627282;-3.17E-27
22;0.01000000000000000020816681711721685132943093776702880859375;10.58223230012189969949544327;0;0;True;-52.98622958176924353047917953;-1.792E-26
23;0.01000000000000000020816681711721685132943093776702880859375;10.53028472956549669004607607;0;0;True;-54.16936343261047441453514678;-4E-28
24;0.01000000000000000020816681711721685132943093776702880859375;10.55473291462760471707118050;0;0;True;-53.72101612844189481651846280;-1.41E-28
25;0.01000000000000000020816681711721685132943093776702880859375;10.58319594285804253175661077;0;0;True;-262.6872847026937970626009541;-6.28E-27
26;0.01000000000000000020816681711721685132943093776702880859375;10.68141414876996581865818650;0;0;True;-52.39554459872556595645904271;-1.761E-27
27;0.01000000000000000020816681711721685132943093776702880859375;10.85439937745924586467058594;0;0;True;-50.72642463112226520739879746;-1.2E-27
28;0.01000000000000000020816681711721685132943093776702880859375;10.85519998352577277621030846;0;0;True;-50.56097917156214504173011392;-9E-28
29;0.01000000000000000020816681711721685132943093776702880859375;10.81064805778086971066527232;0;0;True;-50.79291852191257163819773520;-5.4E-29
30;0.01000000000000000020816681711721685132943093776702880859375;10.79843789331889842045797921;0;0;True;-50.58803978658529475940838125;-1.466E-27
31;0.01000000000000000020816681711721685132943093776702880859375;10.87102199733838300638256016;0;0;True;-48.51435970187229986542255671;4.8E-28
32;0.01000000000000000020816681711721685132943093776702880859375;10.90049840708998584698195938;0;0;True;-253.6247797176517653868998442;-9.73E-27
33;0.01000000000000000020816681711721685132943093776702880859375;10.83263753118517851602441197;0;0;True;-50.01968201672961587348796903;3.325E-27
34;0.01000000000000000020816681711721685132943093776702880859375;10.84196807616630243832343793;0;0;True;-52.88702853295578559762622452;2.15E-28
35;0.01000000000000000020816681711721685132943093776702880859375;10.85606934631980535419045174;0;0;True;-50.78410362494337389069894961;2.7E-27
36;0.01000000000000000020816681711721685132943093776702880859375;10.94064388205864048785232200;0;0;True;-46.54822290007250517574851504;1.85E-27
37;0.01000000000000000020816681711721685132943093776702880859375;11.10066762408348678889290193;0;0;True;-47.20275031610478655829285554;-7E-28
38;0.01000000000000000020816681711721685132943093776702880859375;11.08915481781880164328500154;0;0;True;-47.14777931742131712355486430;6E-29
39;0.01000000000000000020816681711721685132943093776702880859375;11.03290515035924712399654900;0;0;True;-47.19905899547393180221003983;6.6E-28
40;0.01000000000000000020816681711721685132943093776702880859375;11.00958213126835695325249439;0;0;True;-247.8712176145668996759133151;-8.020E-27
41;0.01000000000000000020816681711721685132943093776702880859375;11.07160902339036860316066181;0;0;True;-41.46281159073216950836611081;1.794E-27
42;0.01000000000000000020816681711721685132943093776702880859375;11.09105608183937215501330255;0;0;True;-256.0281807874464645491949238;-2.6338E-26
43;0.01000000000000000020816681711721685132943093776702880859375;11.01366732219709550019172726;0;0;True;-48.88078287411388121481128160;-1.268E-26
44;0.01000000000000000020816681711721685132943093776702880859375;11.01394637762762356524304977;0;0;True;-50.37729361363681149337487291;8.320E-28
45;0.01000000000000000020816681711721685132943093776702880859375;11.01944873270806041712671218;0;0;True;-48.70552237513428361004724273;1.13E-29
46;0.01000000000000000020816681711721685132943093776702880859375;11.09585429912748279038626716;0;0;True;-43.58268042401999492479183477;-4.344E-27
47;0.01000000000000000020816681711721685132943093776702880859375;11.24811752029888696940742268;0;0;True;-227.0416218383299379006329030;7.0E-27
48;0.01000000000000000020816681711721685132943093776702880859375;11.22923221922343180822570547;0;0;True;-43.53333597838528093738505946;-1.07E-26
49;0.01000000000000000020816681711721685132943093776702880859375;11.16597868169364577446953148;0;0;True;-44.60065041124332978038914240;-3.50E-28
50;0.01000000000000000020816681711721685132943093776702880859375;11.13600198603603566529217581;0;0;True;-237.7959360039010028153934644;-8.01E-28
51;0.01000000000000000020816681711721685132943093776702880859375;11.19170788541966337398418981;0;0;True;-38.92599376871707593136575343;-1.5028E-26
52;0.01000000000000000020816681711721685132943093776702880859375;11.20515000076720218196219328;0;0;True;-40.84199282927035603225271494;1.379E-27
53;0.01000000000000000020816681711721685132943093776702880859375;11.12205654517853402072638563;0;0;True;-46.86038825851297497225273491;-3.9E-28
54;0.01000000000000000020816681711721685132943093776702880859375;11.11691613945999015493752678;0;0;True;-48.47210175492370495226807139;-4.03E-28
55;0.01000000000000000020816681711721685132943093776702880859375;11.11727000644880867276368933;0;0;True;-43.90644195658736113445202822;1.28275E-27
56;0.01000000000000000020816681711721685132943093776702880859375;11.18878450918119362889725824;0;0;True;-193.2146937657151791026521204;-8.96E-27
57;0.01000000000000000020816681711721685132943093776702880859375;11.33640121984991226186593385;0;0;True;-193.5195202976396609779777256;-1.32E-26
58;0.01000000000000000020816681711721685132943093776702880859375;11.31310173379690583214070724;0;0;True;-224.0360528449624983937678619;9.3E-27
59;0.01000000000000000020816681711721685132943093776702880859375;11.24565472053844609346422852;0;0;True;-43.39872555568548623853323055;-1.30E-26
60;0.01000000000000000020816681711721685132943093776702880859375;11.21169422293859596479881109;0;0;True;-218.2066701482874596239265552;7.563E-27
61;0.01000000000000000020816681711721685132943093776702880859375;11.26361551047709565515408276;0;0;True;-36.96651128059041692435753410;3.227E-27
62;0.01000000000000000020816681711721685132943093776702880859375;11.27346224457176284588025154;0;0;True;-38.90749167419457440203816964;-1.22E-27
63;0.01000000000000000020816681711721685132943093776702880859375;11.18695317679286664841486794;0;0;True;-45.20232706465710724097881298;-5.106403344133962302488251936
64;0.01000000000000000020816681711721685132943093776702880859375;11.17856793949360614835959559;0;0;True;-0.9909707453500548895966507439;4.9E-29
65;0.01000000000000000020816681711721685132943093776702880859375;11.17583921648074386377676478;0;0;True;-107.9861562424659054416935836;4.78E-28
66;0.01000000000000000020816681711721685132943093776702880859375;11.24442525871153205775868449;0;0;True;-104.7618516324488850490501366;1.5E-28
67;0.01000000000000000020816681711721685132943093776702880859375;11.38925993190373376681334314;0;0;True;-107.7400314987349680507725144;3.7E-28
68;0.01000000000000000020816681711721685132943093776702880859375;11.36331751024803625949334770;0;0;True;-124.2792275276416377083427039;-1E-28
69;4.794255743441992442685312996;11.29335970816701999721920850;0;0;False;4.794255743441992442685312996;1.7E-27
70;0.01000000000000000020816681711721685132943093776702880859375;11.25701396118574117124751504;0;0;True;-43.45513101986342387747877732;-3.3E-27
71;12.21328740698388854642396272;11.30666926181188359926775084;0;0;False;12.21328740698388854642396272;-1.09E-26
72;13.37249652210789616072135357;11.31436330833981139087626558;0;0;False;13.37249652210789616072135357;0.0001091177112455635490523671
73;0.01000000000000000020816681711721685132943093776702880859375;11.22580918737251276434470917;0;0;True;-143.9272521709017228806204600;-8E-28
74;58.11279874927204279505668111;11.21548114954426995676739126;0;0;False;58.11279874927204279505668111;0.0007986088266148444726363081
75;0.01000000000000000020816681711721685132943093776702880859375;11.21090676602887448012489484;0;0;True;-449.5683446089934393712217054;2.5E-27
76;23.38394938095391402700220526;11.27773943078225614173209601;0;0;False;23.38394938095391402700220526;0.0004439636395069287945630956
77;0.01000000000000000020816681711721685132943093776702880859375;11.42090839537092164510863765;0;0;True;-136.2304533265496631822197262;5.5E-27
78;3.056430990453557593298951946;11.39338355054186474246840337;0;0;False;3.056430990453557593298951946;6.0E-27
79;0.01000000000000000020816681711721685132943093776702880859375;11.32192244644615705471031098;0;0;True;-289.2430161733358738515203165;0E-27
80;70.12784760130500894707274877;11.28414856255092137459562201;0;0;False;70.12784760130500894707274877;0.000187392220573757637942808
81;0.01000000000000000020816681711721685132943093776702880859375;11.33244713310880479124343409;0;0;True;-349.7388606451153329541917913;-1.35E-26
82;64.59966310376394272284362310;11.33885228607188652210839722;0;0;False;64.59966310376394272284362310;0.0003662367438440769024781072
83;0.01000000000000000020816681711721685132943093776702880859375;11.24907371621798413792770515;0;0;True;-175.2737389741414761002129722;-4.3E-27
84;0.01000000000000000020816681711721685132943093776702880859375;11.23758245194746776063808481;0;0;True;-5.104162559049759303433041327;8E-28
85;4.497496160837183839907858545;11.23190300331191239282055872;0;0;False;4.497496160837183839907858545;-7E-28
86;0.01000000000000000020816681711721685132943093776702880859375;11.29768585620114215786055646;0;0;True;-585.2862957736881775110152617;-2.5E-27
87;20.95283893566373176333259399;11.43985749951886335954487585;0;0;False;20.95283893566373176333259399;-1.08E-26
88;0.01000000000000000020816681711721685132943093776702880859375;11.41138519948240937034132039;0;0;True;-169.6854973472205765953639828;-5.1E-27
89;2.745891223735153101901235363;11.33902401293967445039014835;0;0;False;2.745891223735153101901235363;-2.0E-27
90;0.01000000000000000020816681711721685132943093776702880859375;11.30039505071976289973200539;0;0;True;-14.42443338796027592579407800;6E-28
91;78.33250201900375667304897027;11.34788129686920423940150929;0;0;False;78.33250201900375667304897027;0.0001948078996711031359675692
92;0.01000000000000000020816681711721685132943093776702880859375;11.35351474164426599717315410;0;0;True;-214.7932133279812303297967517;2.0E-27
93;3.628300938766510030496957389;11.26300304901174463858808035;0;0;False;3.628300938766510030496957389;-1.52E-26
94;0.01000000000000000020816681711721685132943093776702880859375;11.25081531810154023564685461;0;0;True;-182.6308833026755991408586398;-2E-27
95;0.01000000000000000020816681711721685132943093776702880859375;11.24447422615828124349123272;0;0;True;-166.6151266117349709220697136;3E-27
96;13.67734812906414712408809075;11.30962851790519256543942232;0;0;False;13.67734812906414712408809075;-1.23E-26
97;0.01000000000000000020816681711721685132943093776702880859375;11.45120302813771124621443769;0;0;True;-229.7624189723009974927439054;1.8E-27
98;0.01000000000000000020816681711721685132943093776702880859375;11.42216345167031486217356146;0;0;True;-129.4524764143391448470482255;4E-27
99;0.01000000000000000020816681711721685132943093776702880859375;11.34926335251818466715212681;0;0;True;-3.921417397852271991983821384;-1.0E-27
100;11.94672491331178622879234914;11.31012242331934760520116691;0;0;False;11.94672491331178622879234914;0.0000416070023814079839901693
101;1.690144752442302711094320885;11.35712230083880970916523062;0;0;False;1.690144752442302711094320885;-0.0001006426322548537690486253
102;0.01000000000000000020816681711721685132943093776702880859375;11.36229369541539119303830634;0;0;True;-168.3183480937242953551924084;4.1E-27
103;3.532702733452082647314111755;11.27134305509431357427011111;0;0;False;3.532702733452082647314111755;-6E-28
104;0.01000000000000000020816681711721685132943093776702880859375;11.25873832387998072417441317;0;0;True;-21.16693559679998421092644682;-1.2E-28
105;0.01000000000000000020816681711721685132943093776702880859375;11.25200108164779970724056122;0;0;True;-205.4399735124721106362479144;3.768E-27
106;0.01000000000000000020816681711721685132943093776702880859375;11.31677903062023510566702486;0;0;True;-131.7504876495880980991687944;-2.512E-27
107;0.01000000000000000020816681711721685132943093776702880859375;11.45799601521700165911311355;0;0;True;-125.1127851184485833315974311;-2.8E-27
108;0.01000000000000000020816681711721685132943093776702880859375;11.42861678939564075412563430;0;0;True;-136.8812525422415081159848166;2E-28
109;0.01000000000000000020816681711721685132943093776702880859375;11.35539402335724426422001025;0;0;True;-1.907548374683414451755197077;-1.3E-27
110;11.64940469299923879431364986;11.31594656061645422214339970;0;0;False;11.64940469299923879431364986;0.00090062717981925717634411921
111;6.833488669092071630393921118;11.36265523127106099500170811;0;0;False;6.833488669092071630393921118;-0.0009601015314339737858648414
112;0.01000000000000000020816681711721685132943093776702880859375;11.36754997932602991433724849;0;0;True;-69.29282725569065251470061271;-1.46E-27
113;0.01000000000000000020816681711721685132943093776702880859375;11.27633652480942035927068026;0;0;True;-4.064353307342493042891591296;5.5E-28
114;6.873233708199619890656169415;11.26348212010933216970319926;0;0;False;6.873233708199619890656169415;0.0004235362674187029489031032
115;0.01000000000000000020816681711721685132943093776702880859375;11.25650768806568358028224113;0;0;True;-38.99249638689125880824230354;-1.63E-27
116;0.01000000000000000020816681711721685132943093776702880859375;11.32106030671722478485648725;0;0;True;-154.0383863577034426688882605;4.02E-27
117;0.01000000000000000020816681711721685132943093776702880859375;11.46206322750914185415297597;0;0;True;-135.4409561063902885141206528;-5E-28
118;0.01000000000000000020816681711721685132943093776702880859375;11.43248064107317393923288309;0;0;True;-157.9730123847806330125226283;-2.0E-27
119;0.01000000000000000020816681711721685132943093776702880859375;11.35906468245090078990030711;0;0;True;-17.24027112803781933109995395;8E-28
120;13.17510401565110991294390755;11.31943368675542792137667171;0;0;False;13.17510401565110991294390755;-3.4E-27
121;0.01000000000000000020816681711721685132943093776702880859375;11.36596800110308600911845701;0;0;True;-31.08912340085596751506553482;-2.5E-27
122;7.079815248100942514228476691;11.37069711066645367760104341;0;0;False;7.079815248100942514228476691;-1.25E-26
123;0.01000000000000000020816681711721685132943093776702880859375;11.27932629958282293423152473;0;0;True;-26.72857953448867712446652859;2.8E-27
124;22.35312557030861916774368761;11.26632240614406461578322883;0;0;False;22.35312557030861916774368761;0.0001081548630065900584486380
125;0.01000000000000000020816681711721685132943093776702880859375;11.25920595979867940393213518;0;0;True;-49.55072196610228987529678407;-6E-28
126;26.64859705013209289264385810;11.32362366486357081720405926;0;0;False;26.64859705013209289264385810;-4.3E-27
127;0.01000000000000000020816681711721685132943093776702880859375;11.46449841774817058476933341;0;0;True;-168.3007791747596068642726252;-1E-27
128;0.01000000000000000020816681711721685132943093776702880859375;11.43479407180025123321027848;0;0;True;-163.0215849422600962236611969;-5.2E-27
129;0.01000000000000000020816681711721685132943093776702880859375;11.36126244164162421907609577;0;0;True;-111.7130209726138422625235023;-8.81E-28
130;7.065327621236758800340565607;11.32152155798661517899607082;0;0;False;7.065327621236758800340565607;2.0E-27
131;0.01000000000000000020816681711721685132943093776702880859375;11.36795147877271390376416606;0;0;True;-264.8804006988830425687665539;4E-27
132;11.46463455372670836830845650;11.37258141445260017742638290;0;0;False;11.46463455372670836830845650;-5E-27
133;0.01000000000000000020816681711721685132943093776702880859375;11.28111638817966210898191735;0;0;True;-66.09740595282497141226533843;4E-28
134;0.01000000000000000020816681711721685132943093776702880859375;11.26802299031106183171660592;0;0;True;-487.2510947946529733670996949;-2.8E-27
135;0.01000000000000000020816681711721685132943093776702880859375;11.26082151475732675899332231;0;0;True;-154.5184828950921670000336222;-4E-28
136;0.01000000000000000020816681711721685132943093776702880859375;11.32515844207428580444044198;0;0;True;-756.5325361683587714996996298;-1.78E-27
137;0.01000000000000000020816681711721685132943093776702880859375;11.46595645609834982257573919;0;0;True;-99.76770981986534807312476127;-2.34E-27
138;0.01000000000000000020816681711721685132943093776702880859375;11.43617920823292150906161406;0;0;True;-181.5321101744541245370731280;3E-28
139;11.43436073469553613638832333;11.36257832125266098107335216;0;0;False;11.43436073469553613638832333;-3.2E-27
140;0.01000000000000000020816681711721685132943093776702880859375;11.32277164361710010283502760;0;0;True;-68.19679239642077745284565117;1.13E-27
141;23.59996237225820660471705818;11.36913906012167458135566005;0;0;False;23.59996237225820660471705818;-1.41E-26
142;1.461975219517847930894744284;11.37370961673411282108556299;0;0;False;1.461975219517847930894744284;-0.0004210753788651389736854655
143;6.727803917116330131442630718;11.28218818034709912040803619;0;0;False;6.727803917116330131442630718;0.0000900265248136627682388147
144;0.01000000000000000020816681711721685132943093776702880859375;11.26904119287012699252382168;0;0;True;-101.2415804063506727993617827;6E-28
145;0.01000000000000000020816681711721685132943093776702880859375;11.26178880718843866171496001;0;0;True;-144.9642671847209788551927237;1.9E-27
146;8.964426728659725785396539180;11.32607736988384211198304138;0;0;False;8.964426728659725785396539180;0.0000975721543343052758939919
147;0.01000000000000000020816681711721685132943093776702880859375;11.46682943751742831470040003;0;0;True;-185.0536267448029575655874355;-4.9E-27
148;0.01000000000000000020816681711721685132943093776702880859375;11.43700854058104607654127370;0;0;True;-186.6696066038650111973343939;7E-27
149;0.01000000000000000020816681711721685132943093776702880859375;11.36336618698337932014219906;0;0;True;-280.1556950878137368293579457;1E-27
150;10.48154558579267324258102231;11.32352011606128252491544389;0;0;False;10.48154558579267324258102231;1.4E-27
151;0.01000000000000000020816681711721685132943093776702880859375;11.36985010894364788229881667;0;0;True;-23.77273109233031171411988617;-1.803E-27
152;12.03212061455919595227108528;11.37438511311498745694998487;0;0;False;12.03212061455919595227108528;2.6E-27
153;0.01000000000000000020816681711721685132943093776702880859375;11.28282990190893002444923891;0;0;True;-19.44450152446986096079734758;5E-29
154;0.01000000000000000020816681711721685132943093776702880859375;11.26965082835386635133446610;0;0;True;-171.1429037961627933705577830;-4.6E-27
155;1.760132804383741618564166473;11.26236796089799105255799895;0;0;False;1.760132804383741618564166473;-3.2E-27
156;0.01000000000000000020816681711721685132943093776702880859375;11.32662756590791688325820878;0;0;True;-677.0335704409972410773057285;-1.8E-27
157;0.01000000000000000020816681711721685132943093776702880859375;11.46735212374029934738737545;0;0;True;-121.7892582485235288742079889;-1.47E-27
158;0.01000000000000000020816681711721685132943093776702880859375;11.43750509249277355757068842;0;0;True;-161.5829907858953014920576429;-4E-28
159;17.92975711545477917373887071;11.36383791129952042709809171;0;0;False;17.92975711545477917373887071;0.0001559116867133170108931111
160;0.01000000000000000020816681711721685132943093776702880859375;11.32396825416161657650259313;0;0;True;-93.39314982796486370156419371;8E-28
161;0.01000000000000000020816681711721685132943093776702880859375;11.37027584013896523128670712;0;0;True;-236.4918378360893172371931712;-2.6E-27
162;17.90617374594728276618145671;11.37478955775053893846957453;0;0;False;17.90617374594728276618145671;-9.6E-27
163;11.51174527610722448874436538;11.28321412431270393187488813;0;0;False;11.51174527610722448874436538;-0.0000293636154916543626472128
164;0.01000000000000000020816681711721685132943093776702880859375;11.27001583963745156337176996;0;0;True;-27.27875616685650811954960682;2.2E-27
165;0.01000000000000000020816681711721685132943093776702880859375;11.26271472161739700397722786;0;0;True;-261.1637686435873533778879907;6E-28
166;0.01000000000000000020816681711721685132943093776702880859375;11.32695698859135253709107698;0;0;True;-222.6687696830263194118683655;5.058E-27
167;0.01000000000000000020816681711721685132943093776702880859375;11.46766507528956321851397093;0;0;True;-170.5358392801658231808060028;5.2E-28
168;0.01000000000000000020816681711721685132943093776702880859375;11.43780239646457423512705628;0;0;True;-162.5676352305888081588149391;1.07E-27
169;0.01000000000000000020816681711721685132943093776702880859375;11.36412035007273107076343823;0;0;True;-121.5879509257932938092780414;-2E-28
170;12.75161822059993518397562924;11.32423657099616668797212953;0;0;False;12.75161822059993518397562924;-8.0E-27
171;0.01000000000000000020816681711721685132943093776702880859375;11.37053074113178783717085104;0;0;True;-94.89429095682033888968653247;-1.7E-27
172;18.74197652583323678632443065;11.37503171369372041404819138;0;0;False;18.74197652583323678632443065;-7.0E-27
173;15.73704647671894304180685545;11.28344417245872633366382026;0;0;False;15.73704647671894304180685545;-0.0005627696223723350896934446
174;0.01000000000000000020816681711721685132943093776702880859375;11.27023438537617284506103929;0;0;True;-127.1974362836895051339725753;4E-28
175;3.638708267369312736041869437;11.26292234006918222157232834;0;0;False;3.638708267369312736041869437;-2.0E-27
176;0.01000000000000000020816681711721685132943093776702880859375;11.32715422612054849379720232;0;0;True;-225.5064888919366739588673021;2.9E-27
177;16.28407405311198133348973163;11.46785245094229937737603090;0;0;False;16.28407405311198133348973163;0.0001782208384243401907776838
178;0.01000000000000000020816681711721685132943093776702880859375;11.43798040333467358603769210;0;0;True;-219.8756678181736395317071552;5.0E-27
179;0.01000000000000000020816681711721685132943093776702880859375;11.36428945659932545412063716;0;0;True;-267.4862516640847890843976956;1.0E-27
180;7.262793785570012708669288552;11.32439722219643135215395867;0;0;False;7.262793785570012708669288552;-2.7E-27
181;14.88642944320048926159417270;11.37068335977203926813645437;0;0;False;14.88642944320048926159417270;-1.46E-26
182;12.99303283705976781288547627;11.37517670140195927345873691;0;0;False;12.99303283705976781288547627;-0.0006010569907610594018799673
183;6.457021678328755367174950690;11.28358191078155325009739976;0;0;False;6.457021678328755367174950690;-0.0000769023047468594038208553
184;0.01000000000000000020816681711721685132943093776702880859375;11.27036523678285841566682301;0;0;True;-176.4447919048862157587032105;0E-27
185;0.01000000000000000020816681711721685132943093776702880859375;11.26304664890553351364201191;0;0;True;-178.4286357684177732839301192;0E-27
186;0.01000000000000000020816681711721685132943093776702880859375;11.32727231951508222125788129;0;0;True;-130.8292353517121844327475534;1.894E-27
187;0.01000000000000000020816681711721685132943093776702880859375;11.46796463966710641845843152;0;0;True;-149.4959271696328268800961208;-2.6E-27
188;0.01000000000000000020816681711721685132943093776702880859375;11.43808698262324027506099051;0;0;True;-109.7007208697884520438706979;2.6E-27
189;15.19435368534995968552637300;11.36439070692346380868803758;0;0;False;15.19435368534995968552637300;0.0001151382723074849556866745
190;0.01000000000000000020816681711721685132943093776702880859375;11.32449341000436278898849265;0;0;True;-41.76056896291473021508061863;9E-29
191;0.01000000000000000020816681711721685132943093776702880859375;11.37077473818957413312499006;0;0;True;-99.11887918321836040439440134;-1E-28
192;12.32328394247405379603496420;11.37526351089861739519378780;0;0;False;12.32328394247405379603496420;-7.6E-27
193;0.01000000000000000020816681711721685132943093776702880859375;11.28366437980337846574184299;0;0;True;-116.3251746443482834729402937;-1.0E-27
194;8.352853600104700923612416784;11.27044358235359237052538172;0;0;False;8.352853600104700923612416784;-8.8E-27
195;0.01000000000000000020816681711721685132943093776702880859375;11.26312107719773077075416344;0;0;True;-148.3407889735813489048586035;-3.3E-27
196;0.01000000000000000020816681711721685132943093776702880859375;11.32734302639266961551111997;0;0;True;-126.4822149886556156727267072;1.8114E-27
197;103.2310805180774432225461511;11.46803181120081444299586825;0;0;False;103.2310805180774432225461511;-1.67E-26
198;0.01000000000000000020816681711721685132943093776702880859375;11.43815079558026289836857239;0;0;True;-205.2215591301983044289955514;4E-28
199;0.01000000000000000020816681711721685132943093776702880859375;11.36445132923263530082740650;0;0;True;-143.7533285496990791361556671;-1.1E-27
200;3.056749050131432855139318978;11.32455100119807570651820096;0;0;False;3.056749050131432855139318978;0E-28
201;0.01000000000000000020816681711721685132943093776702880859375;11.37082944982360140477565539;0;0;True;-221.4975004029402022654868676;2.9E-27
202;71.35052016895721315209753969;11.37531548695094330325949018;0;0;True;71.35052016895721315209753969;1.04E-27
203;16.94570464960316813148563921;11.28371375705308807840195205;0;0;False;16.94570464960316813148563921;-3.4E-27
204;0.01000000000000000020816681711721685132943093776702880859375;11.27049049074081650255029253;0;0;True;-75.37984478231480158027922010;1.8E-27
205;4.952748215683385399042958586;11.26316564016559369617574556;0;0;False;4.952748215683385399042958586;-2E-28
206;500;11.32738536121213939465964399;0;0;True;1579.503576664566322880371113;-1.4E-27
207;0.01000000000000000020816681711721685132943093776702880859375;11.46807202927931073318508603;0;0;True;-343.9193271510890150836499603;2E-28
208;0.01000000000000000020816681711721685132943093776702880859375;11.43818900275483437404654324;0;0;True;-120.8507055849843814720792412;-2.1E-27
209;0.01000000000000000020816681711721685132943093776702880859375;11.36448762604847820271978207;0;0;True;-88.02569480168296215156882970;1.791E-27
210;8.122301816667951969733015164;11.32458548317312646331434585;0;0;False;8.122301816667951969733015164;-7.4E-27
211;0.01000000000000000020816681711721685132943093776702880859375;11.37086220769989962373046173;0;0;True;-268.2954173643983398914287241;-4.3E-27
212;19.52016122609006332813514315;11.37534660693342661126510146;0;0;False;19.52016122609006332813514315;-1.31E-26
213;0.01000000000000000020816681711721685132943093776702880859375;11.28374332103644722100590076;0;0;True;-144.6864890648837548599994101;-6E-28
214;0.01000000000000000020816681711721685132943093776702880859375;11.27051857652500768802273090;0;0;True;-133.2319863431246914197253662;8.1E-28
215;0.01000000000000000020816681711721685132943093776702880859375;11.26319232166057532237331475;0;0;True;-144.5246005276088237902140246;-1.2E-27
216;0.01000000000000000020816681711721685132943093776702880859375;11.32741070863237193954614982;0;0;True;-182.7863067371993858085536673;-3.33E-27
217;47.04132561094831212984501646;11.46809610932853165082614092;0;0;False;47.04132561094831212984501646;-1.89E-26
218;0.01000000000000000020816681711721685132943093776702880859375;11.43821187880159424580447602;0;0;True;-115.6994842148186933359726982;-3E-28
219;0.01000000000000000020816681711721685132943093776702880859375;11.36450935829290008088880231;0;0;True;-98.42788706096707907492260843;-2.2E-27
220;20.68207850372178254083484670;11.32460612880532724757394997;0;0;False;20.68207850372178254083484670;0.0001869251459660976015801882
221;0.01000000000000000020816681711721685132943093776702880859375;11.37088182105049036877616879;0;0;True;-193.1180367076000991573334629;-1.05E-27
222;80.76152524714772674924047149;11.37536523961648781905765216;0;0;False;80.76152524714772674924047149;-3.86E-26
223;0.01000000000000000020816681711721685132943093776702880859375;11.28376102208535536840799647;0;0;True;-148.4674097346717182586925251;6E-28
224;0.01000000000000000020816681711721685132943093776702880859375;11.27053539252147042805393574;0;0;True;-143.3872547088671266623344894;-1E-28
225;14.82281299528107375287877399;11.26320829685721492540221257;0;0;False;14.82281299528107375287877399;0.0005986660860215731575525691
226;0.01000000000000000020816681711721685132943093776702880859375;11.32742588506917956242289331;0;0;True;-274.7247439290145474319116502;-4.8E-27
227;15.88409511053505692722679830;11.46811052694349889255837326;0;0;False;15.88409511053505692722679830;1.1E-27
228;0.01000000000000000020816681711721685132943093776702880859375;11.43822557553581312544945647;0;0;True;-191.9553797076217959284990807;-1E-28
229;0.01000000000000000020816681711721685132943093776702880859375;11.36452237019040801655092548;0;0;True;-232.3489078539925392875673454;2.3E-27
230;4.854953517721671577623927922;11.32461849010795978645238914;0;0;False;4.854953517721671577623927922;6E-28
231;79.40072159680598263528853000;11.37089356428799128071013705;0;0;False;79.40072159680598263528853000;-3.29E-26
232;0.01000000000000000020816681711721685132943093776702880859375;11.37537639569211368539440050;0;0;True;-176.4477065268397453678733606;-1.0E-27
233;0.01000000000000000020816681711721685132943093776702880859375;11.28377162035719994142741196;0;0;True;-75.61575563677187648344166346;6.3E-27
234;0.01000000000000000020816681711721685132943093776702880859375;11.27054546087972277242190980;0;0;True;-130.9602878316895970835367567;-1.4E-27
235;0.01000000000000000020816681711721685132943093776702880859375;11.26321786179755465255134080;0;0;True;-159.3782220987443726027024764;-8.3E-28
236;0.01000000000000000020816681711721685132943093776702880859375;11.32743497176250230321414036;0;0;True;-157.9223203265672329875503694;-3.526E-27
237;0.01000000000000000020816681711721685132943093776702880859375;11.46811915930215549630965443;0;0;True;-232.9488352146986427387000807;3E-28
238;0.01000000000000000020816681711721685132943093776702880859375;11.43823377627653689901279023;0;0;True;-125.2507209211299646148145863;-2.1E-27
239;0.01000000000000000020816681711721685132943093776702880859375;11.36453016089409560143572837;0;0;True;-140.0953954052033346758875193;2.0E-27
240;21.59566702109492979938878231;11.32462589127646299209260591;0;0;False;21.59566702109492979938878231;0.0002575729029303160625169194
241;0.01000000000000000020816681711721685132943093776702880859375;11.37090059539806932606801430;0;0;True;-75.89023469408712983243047353;-1.4E-27
242;19.04009387668545572240824319;11.37538307524668782848407165;0;0;False;19.04009387668545572240824319;-9.7E-27
243;0.01000000000000000020816681711721685132943093776702880859375;11.28377796593404537736230293;0;0;True;-91.06759964518195402969437336;1.5E-27
244;0.01000000000000000020816681711721685132943093776702880859375;11.27055148917772593655977442;0;0;True;-192.3387469451699630661316720;1.4E-27
245;6.360525073588551012599459746;11.26322358868065765848204448;0;0;False;6.360525073588551012599459746;0.0000549109215243664293367051
246;0.01000000000000000020816681711721685132943093776702880859375;11.32744041230145015884805453;0;0;True;-127.7301526247829548999876067;-4.7E-27
247;46.36145124361788826428094671;11.46812432781415595916163128;0;0;False;46.36145124361788826428094671;-2.23E-26
248;0.01000000000000000020816681711721685132943093776702880859375;11.43823868636293733872193871;0;0;True;-138.7238569867829969518977695;-1.0E-27
249;0.01000000000000000020816681711721685132943093776702880859375;11.36453482547617601915920137;0;0;True;-130.2695229624110098731243029;-1.6E-27
250;4.294043337000964461696203151;11.32463032262943938892969811;0;0;False;4.294043337000964461696203151;7E-28
251;47.22540999813902129946394382;11.37090480518339690306305510;0;0;False;47.22540999813902129946394382;-2.00E-26
252;0.4771825190958153047953765034;11.37538707454274902662917345;0;0;False;0.4771825190958153047953765034;-0.0000602480585265538781738501
253;11.67797562621278045894766849;11.28378176526530351559997203;0;0;False;11.67797562621278045894766849;0.0009946498147701040440946441
254;0.01000000000000000020816681711721685132943093776702880859375;11.27055509854242116788539134;0;0;True;-182.1659654829832319401735787;4.40E-27
255;0.01000000000000000020816681711721685132943093776702880859375;11.26322701757711812824122027;0;0;True;-242.3980336058493632288575366;1.6E-27
256;0.01000000000000000020816681711721685132943093776702880859375;11.32744366975308760511911926;0;0;True;-164.0908583220723689587330445;-4.578E-27
257;0.01000000000000000020816681711721685132943093776702880859375;11.46812742239321153311899812;0;0;True;-227.5005872631599748593485797;-5.703E-27
258;0.01000000000000000020816681711721685132943093776702880859375;11.43824162621304013398129978;0;0;True;-100.5525714691225655224916518;0E-27
259;12.38797731926426087261605533;11.36453761833377367465546384;0;0;False;12.38797731926426087261605533;2E-27
260;0.01000000000000000020816681711721685132943093776702880859375;11.32463297584415716165102342;0;0;True;-73.35142402395328003923968472;4.3E-28
261;31.96279671041307110885861108;11.37090732573737878714819632;0;0;False;31.96279671041307110885861108;-1.65E-26
262;6.065170692654907401569348368;11.37538946906903181650994568;0;0;False;6.065170692654907401569348368;-0.0006146839422683945752891931
263;0.01000000000000000020816681711721685132943093776702880859375;11.28378404006527216598659931;0;0;True;-30.79599210801873411412716522;1.6E-27
264;11.57889752675147882429865606;11.27055725960239138575258624;0;0;False;11.57889752675147882429865606;8E-28
265;0.01000000000000000020816681711721685132943093776702880859375;11.26322907058408983521495945;0;0;True;-183.4699781590117875704647561;-6.7E-27
266;20.03119488429842395524171206;11.32744562010971072674408031;0;0;False;20.03119488429842395524171206;-1.54E-26
267;0.01000000000000000020816681711721685132943093776702880859375;11.46812927523200349866262450;0;0;True;-211.5424901816925366795529590;-2.0E-27
268;0.01000000000000000020816681711721685132943093776702880859375;11.43824338640989250124766256;0;0;True;-133.9906003288185161307714163;9E-28
269;0.01000000000000000020816681711721685132943093776702880859375;11.36453929052078342355843031;0;0;True;-167.9849261519351359565553270;9E-28
270;17.88992895192987326852388065;11.32463456442181642310876731;0;0;False;17.88992895192987326852388065;0.0003430116068302086389698559
271;0.01000000000000000020816681711721685132943093776702880859375;11.37090883488615508553298247;0;0;True;-95.80605254565141809089059418;-1.9E-27
272;16.95518726467698308743119026;11.37539090276036929997542550;0;0;False;16.95518726467698308743119026;-1.16E-26
273;0.01000000000000000020816681711721685132943093776702880859375;11.28378540207204277527874147;0;0;True;-23.22976475443847268517137558;9E-28
274;0.01000000000000000020816681711721685132943093776702880859375;11.27055855350882346458006080;0;0;True;-196.0763585112920316225960029;-3.5E-27
275;0.1193541554035403080742505442;11.26323029979520031010100282;0;0;False;0.1193541554035403080742505442;-5.2E-27
276;83.88533192452446339617947042;11.32744678786026567788576692;0;0;True;83.88533192452446339617947042;1.2E-27
277;0.01000000000000000020816681711721685132943093776702880859375;11.46813038459503070224717492;0;0;True;-186.5712061619454986119454828;3.6E-27
278;0.01000000000000000020816681711721685132943093776702880859375;11.43824444030476834465293619;0;0;True;-111.0238628181168802764727543;1.4E-27
279;0.01000000000000000020816681711721685132943093776702880859375;11.36454029172091547479339345;0;0;True;-85.77966901901617821083694157;1.688E-27
280;12.60381892753864170477681877;11.32463551556194187178193783;0;0;False;12.60381892753864170477681877;0E-28
281;0.01000000000000000020816681711721685132943093776702880859375;11.37090973846927426177245222;0;0;True;-169.3955960257012487129925690;1.207E-27
282;24.41090053605496259499366579;11.37539176116433251740288164;0;0;False;24.41090053605496259499366579;-1.05E-26
283;0.01000000000000000020816681711721685132943093776702880859375;11.28378621755580783183478668;0;0;True;-67.35614213487479929467480573;3E-28
284;0.01000000000000000020816681711721685132943093776702880859375;11.27055932821840026830826754;0;0;True;-210.9129033581470426561370875;1.2E-27
285;0.01000000000000000020816681711721685132943093776702880859375;11.26323103576929827364276482;0;0;True;-228.4059286057451949778849433;1.2E-27
286;0.01000000000000000020816681711721685132943093776702880859375;11.32744748703565874325040814;0;0;True;-368.8999265829447326948599994;5.23E-27
287;31.80877446659878722524366795;11.46813104881165411434355303;0;0;False;31.80877446659878722524366795;-1.90E-26
288;0.01000000000000000020816681711721685132943093776702880859375;11.43824507131056058614446590;0;0;True;-158.8064530164370686390501046;-1.1E-27
289;6.073092183514214164867563559;11.36454089117641810421031866;0;0;False;6.073092183514214164867563559;-8E-28
290;0.01000000000000000020816681711721685132943093776702880859375;11.32463608504466936972799016;0;0;True;-214.6358059668225708306770504;4.0E-27
291;0.01000000000000000020816681711721685132943093776702880859375;11.37091027947786538482117665;0;0;True;-334.3164318092747824201003326;2E-28
292;500;11.37539227512249408429914582;0;0;True;1412.045484863202099168158152;-5E-28
293;31.19157320854086752612167567;11.28378670581606132038621483;0;0;True;31.19157320854086752612167567;1.2E-27
294;0.01000000000000000020816681711721685132943093776702880859375;11.27055979206564108243210260;0;0;True;-388.3034744862002813329312510;1.14E-26
295;0.01000000000000000020816681711721685132943093776702880859375;11.26323147642417704706038753;0;0;True;-99.77246302188525938103140543;1.6E-27
296;0.01000000000000000020816681711721685132943093776702880859375;11.32744790565779357799713014;0;0;True;-187.3815591518569946279821210;-2.83E-28
297;14.40313021866142452728320986;11.46813144650268220735292034;0;0;False;14.40313021866142452728320986;-9.2E-27
298;0.01000000000000000020816681711721685132943093776702880859375;11.43824544911703727450334718;0;0;True;-271.0377028251962669533694305;1.4E-27
299;0.01000000000000000020816681711721685132943093776702880859375;11.36454125009257095815123909;0;0;True;-211.9350893879962130904650616;4.7E-27
300;19.24895129304291762210764434;11.32463642601501458097184863;0;0;False;19.24895129304291762210764434;0.0002758018170754384038152978
301;0.01000000000000000020816681711721685132943093776702880859375;11.37091060339969333550282705;0;0;True;-262.0377852169952783375371758;6.6E-27
302;26.54995774248402325525045495;11.37539258284823063744669931;0;0;False;26.54995774248402325525045495;-1.33E-26
303;0.01000000000000000020816681711721685132943093776702880859375;11.28378699815551104587637698;0;0;True;-135.8115350179275720826328946;-5.5E-27
304;0.01000000000000000020816681711721685132943093776702880859375;11.27056006978811832164774366;0;0;True;-194.2573275873764204295281314;9E-28
305;66.00017326213203811637352728;11.26323174026053042431523420;0;0;True;66.00017326213203811637352728;1E-28
306;0.01000000000000000020816681711721685132943093776702880859375;11.32744815630232928638922276;0;0;True;-191.0055101251093289341528405;7.2E-27
307;39.18765621675315097928017607;11.46813168461499113032539720;0;0;False;39.18765621675315097928017607;-1.31E-26
308;0.01000000000000000020816681711721685132943093776702880859375;11.43824567532373075132718962;0;0;True;-181.3477391235600158480145493;-4.3E-27
309;0.01000000000000000020816681711721685132943093776702880859375;11.36454146498892976113387937;0;0;True;-108.7442448477331654086368393;-8E-28
310;63.50340020799669996671571834;11.32463663016655544380534735;0;0;False;63.50340020799669996671571834;0.0004267290189491081628910118
311;0.01000000000000000020816681711721685132943093776702880859375;11.37091079734365715519464177;0;0;True;-194.0458874392711382336209811;-7.1E-27
312;81.83441991477890313515644870;11.37539276709499626615391468;0;0;False;81.83441991477890313515644870;-4.07E-26
313;0.01000000000000000020816681711721685132943093776702880859375;11.28378717318993839314822340;0;0;True;-161.3163410254046798351332813;-1.6E-27
314;0.01000000000000000020816681711721685132943093776702880859375;11.27056023607082430155598998;0;0;True;-153.7370986484262320646703881;-2.9E-27
315;5.422442470226341115916162617;11.26323189822910110522806082;0;0;False;5.422442470226341115916162617;0.0008450945091242400368076587
316;37.65662574135360458338293059;11.32744830637247143325640103;0;0;False;37.65662574135360458338293059;-2.11E-26
317;0.01000000000000000020816681711721685132943093776702880859375;11.46813182718162616984920989;0;0;True;-124.3713990649153659767760518;2E-27
318;0.01000000000000000020816681711721685132943093776702880859375;11.43824581076203403887480535;0;0;True;-124.9753581617495939323371285;-7E-28
319;0.01000000000000000020816681711721685132943093776702880859375;11.36454159365531788430410830;0;0;True;-490.5510654097132114995413703;7E-28
320;19.67773735414869175883474979;11.32463675239962416081705912;0;0;False;19.67773735414869175883474979;0.0002557979766890401503303544
321;12.70099835274725424549237733;11.37091091346507243635576252;0;0;False;12.70099835274725424549237733;8.9E-27
322;0.01000000000000000020816681711721685132943093776702880859375;11.37539287741034078325697424;0;0;True;-181.6665657498160863944540468;1.7E-27
323;11.75852345126700806183124690;11.28378727798951568439612508;0;0;False;11.75852345126700806183124690;-1.09E-26
324;0.01000000000000000020816681711721685132943093776702880859375;11.27056033563042272824149193;0;0;True;-127.7074826718431942243174376;1.1E-27
325;26.74326935798013848679487873;11.26323199281071961057928325;0;0;False;26.74326935798013848679487873;-1.68E-26
326;0.01000000000000000020816681711721685132943093776702880859375;11.32744839622500901334005814;0;0;True;-140.8527730764190536605475293;-4.4E-27
327;0.01000000000000000020816681711721685132943093776702880859375;11.46813191254153687092868015;0;0;True;-211.5848527710295003592399849;-3.2E-27
328;0.01000000000000000020816681711721685132943093776702880859375;11.43824589185394920490029830;0;0;True;-153.6755627481733196575444516;1.361E-27
329;18.52183687732634173640484290;11.36454167069263729202832300;0;0;False;18.52183687732634173640484290;3.5E-27
330;0.01000000000000000020816681711721685132943093776702880859375;11.32463682558507759815505967;0;0;True;-103.0338494219251952151516657;-3.7E-27
331;53.07176960167691032990864652;11.37091098299125320182685979;0;0;False;53.07176960167691032990864652;-1.97E-26
332;0.01000000000000000020816681711721685132943093776702880859375;11.37539294346021251045451356;0;0;True;-27.36204657922603616631825989;-1.5E-27
333;0.01000000000000000020816681711721685132943093776702880859375;11.28378734073689382523378450;0;0;True;-42.54900657884901871929378101;-7E-28
334;0.01000000000000000020816681711721685132943093776702880859375;11.27056039524043196203726559;0;0;True;-0.7096262225872788842456469158;1.9E-27
335;0.01000000000000000020816681711721685132943093776702880859375;11.26323204944022838268526558;0;0;True;-175.2044895100213826563384848;-3.5E-27
336;17.65686207336847611355565244;11.32744845002304234684073884;0;0;False;17.65686207336847611355565244;0.0004008807064711892727706146
337;0.01000000000000000020816681711721685132943093776702880859375;11.46813196364966853775432443;0;0;True;-194.3871600786130128100731037;7E-28
338;0.01000000000000000020816681711721685132943093776702880859375;11.43824594040667428838465810;0;0;True;-110.3477065984389135014881085;-9E-28
339;4.636412929051465312166331727;11.36454171681772612133846265;0;0;False;4.636412929051465312166331727;9.0E-27
340;0.01000000000000000020816681711721685132943093776702880859375;11.32463686940391198599969029;0;0;True;-105.1428988983686273055922969;-5.3E-27
341;30.55044348579128277567114588;11.37091102461914587027925694;0;0;False;30.55044348579128277567114588;0.0008987269616507561737937491
342;0.01000000000000000020816681711721685132943093776702880859375;11.37539298300671054548428900;0;0;True;-0.003020893534867915744330088833;2.3E-27
343;7.465308733666269259498562013;11.28378737830606695851206941;0;0;False;7.465308733666269259498562013;-8.5E-27
344;0.01000000000000000020816681711721685132943093776702880859375;11.27056043093114643865163459;0;0;True;-132.4256066960843576929535304;-3E-28
345;0.01000000000000000020816681711721685132943093776702880859375;11.26323208334640713546891455;0;0;True;-271.9441200214070722891124352;1.0E-27
346;20.67209989950620985529947938;11.32744848223391216198520386;0;0;False;20.67209989950620985529947938;0.0007624401723352238480108019
347;0.01000000000000000020816681711721685132943093776702880859375;11.46813199424999486214156477;0;0;True;-217.2335039635499456166885489;-5E-28
348;0.01000000000000000020816681711721685132943093776702880859375;11.43824596947698429655253506;0;0;True;-93.96915131499667822574255785;3.8E-27
349;14.02182497831941041693372028;11.36454174443452062909794447;0;0;False;14.02182497831941041693372028;-1.08E-26
350;0.01000000000000000020816681711721685132943093776702880859375;11.32463689563986676837119679;0;0;True;-67.95046885290377607281036518;2.24E-27
351;32.92774553048318398569108916;11.37091104954330291353218695;0;0;False;32.92774553048318398569108916;-3.21E-26
352;0.01000000000000000020816681711721685132943093776702880859375;11.37539300668465973657457141;0;0;True;-27.87657973690676532153774940;-2.6E-27
353;11.71152675504305074844910337;11.28378740080011869004783665;0;0;False;11.71152675504305074844910337;-8.7E-27
354;0.01000000000000000020816681711721685132943093776702880859375;11.27056045230049558361061246;0;0;True;-125.4352929225806357913305415;-3.05E-27
355;0.01000000000000000020816681711721685132943093776702880859375;11.26323210364728882317994257;0;0;True;-161.6712460244050176065050396;-1.1E-27
356;11.40723933642497090266717200;11.32744850151974976531067957;0;0;False;11.40723933642497090266717200;0.0003126001144527572852751873
357;0.01000000000000000020816681711721685132943093776702880859375;11.46813201257154058530076584;0;0;True;-195.6758025638463960865174095;-7E-28
358;0.01000000000000000020816681711721685132943093776702880859375;11.43824598688245273355377527;0;0;True;-101.7088937013826079092791543;-2.0E-27
359;7.326330586667929099303999104;11.36454176096971564424912190;0;0;False;7.326330586667929099303999104;-7.7E-27
360;25.72587287286558532825572432;11.32463691134830203276481461;0;0;False;25.72587287286558532825572432;0.0002826890866791377208926157
361;0.01000000000000000020816681711721685132943093776702880859375;11.37091106446631641470612318;0;0;True;-21.43781577204541063087074806;1.5E-27
362;52.32257284570647448885079123;11.37539302086152256268981016;0;0;False;52.32257284570647448885079123;0.0004066351941772543326045936
363;84.12286152722643944470475678;11.28378741426813837485731283;0;0;True;84.12286152722643944470475678;8E-28
364;0.01000000000000000020816681711721685132943093776702880859375;11.27056046509511428417961424;0;0;True;-247.7559255290619913901353372;-4.4E-27
365;0.01000000000000000020816681711721685132943093776702880859375;11.26323211580217658872049370;0;0;True;-115.3956096387246075820828342;-1E-28
366;0.01000000000000000020816681711721685132943093776702880859375;11.32744851306689314257420261;0;0;True;-118.7374199292336101776663854;2.60E-28
367;12.25402991435712060100913548;11.46813202354132679370111221;0;0;False;12.25402991435712060100913548;-7.14E-27
368;0.01000000000000000020816681711721685132943093776702880859375;11.43824599730374963153410383;0;0;True;-194.2457589737271543915331779;-6E-28
369;0.01000000000000000020816681711721685132943093776702880859375;11.36454177086994769733043357;0;0;True;-299.6833601863407173932325228;-3.3E-27
370;17.78617165776108044478474505;11.32463692075352248319206026;0;0;False;17.78617165776108044478474505;0.0002509709938836420762752595
371;11.81648413860655678307165292;11.37091107340127584261200613;0;0;False;11.81648413860655678307165292;-0.0002232356440058848219179301
372;0.01000000000000000020816681711721685132943093776702880859375;11.37539302934973401920039857;0;0;True;-265.1104592014375111477119033;1.2E-27
373;0.01000000000000000020816681711721685132943093776702880859375;11.28378742233193925854237145;0;0;True;-193.2884536301722121819196547;-2.8E-27
374;0.01000000000000000020816681711721685132943093776702880859375;11.27056047275572512368041957;0;0;True;-263.7232327561690687443079046;-6E-28
375;15.02070833239765209574635040;11.26323212307975688624625842;0;0;True;15.02070833239765209574635040;1.21E-27
376;0.01000000000000000020816681711721685132943093776702880859375;11.32744851998059442522367877;0;0;True;-209.3739796094647249815812559;1.8E-27
377;27.54930921638141571373944846;11.46813203010934301221811426;0;0;False;27.54930921638141571373944846;-1.46E-26
378;0.01000000000000000020816681711721685132943093776702880859375;11.43824600354336503912525549;0;0;True;-185.6692762831270325888255444;5.70E-27
379;4.316392435322923585900530355;11.36454177679758233454202737;0;0;False;4.316392435322923585900530355;-6.6E-27
380;13.25260916128108506606199907;11.32463692638477538854307411;0;0;True;13.25260916128108506606199907;-1.0E-27
381;13.56012994504544925591612605;11.37091107875096610269546904;0;0;False;13.56012994504544925591612605;0E-28
382;0.01000000000000000020816681711721685132943093776702880859375;11.37539303443193976627968809;0;0;True;-38.65475663775246007890616340;-9E-28
383;1.931520863150970601776793709;11.28378742716003471826769627;0;0;False;1.931520863150970601776793709;-2.0E-27
384;0.01000000000000000020816681711721685132943093776702880859375;11.27056047734241581041947793;0;0;True;-149.1018362549057352875425318;1.8E-27
385;0.01000000000000000020816681711721685132943093776702880859375;11.26323212743711303864836366;0;0;True;-255.8443729575075841307971859;-8.4E-27
386;26.81341296068482431875377173;11.32744852412008277000567855;0;0;False;26.81341296068482431875377173;0.0007654154144978204687673691
387;0.01000000000000000020816681711721685132943093776702880859375;11.46813203404185693976101386;0;0;True;-215.9331093281705188101138074;2.9E-27
388;0.01000000000000000020816681711721685132943093776702880859375;11.43824600727925327029100993;0;0;True;-93.79790199183375477933768221;-9.7E-27
389;17.49942984363863599047291653;11.36454178034667615414949392;0;0;False;17.49942984363863599047291653;0.0002219212203295382634662635
390;0.01000000000000000020816681711721685132943093776702880859375;11.32463692975641451717016717;0;0;True;-55.39586885277425147441621200;-6E-28
391;13.66859879432206731880880917;11.37091108195402327489120729;0;0;False;13.66859879432206731880880917;2.1E-27
392;0.01000000000000000020816681711721685132943093776702880859375;11.37539303747484407986563929;0;0;True;-69.27559084096526240025001110;3E-28
393;10.15057558478086327845247499;11.28378743005079381617434977;0;0;False;10.15057558478086327845247499;4.0E-27
394;0.01000000000000000020816681711721685132943093776702880859375;11.27056048008863695343079863;0;0;True;-163.9282973482176645790197077;-1.205E-27
395;0.01000000000000000020816681711721685132943093776702880859375;11.26323213004602312450911820;0;0;True;-197.7124903654371233156696965;-8.1E-27
396;21.11723442707013220701107778;11.32744852659854735157339525;0;0;False;21.11723442707013220701107778;0.0007137443680764404411131913
397;0.01000000000000000020816681711721685132943093776702880859375;11.46813203639639829225034462;0;0;True;-160.8582266856812513033469686;2.6E-27
398;0.01000000000000000020816681711721685132943093776702880859375;11.43824600951606755515587405;0;0;True;-63.31561680307372239464163560;2.2E-27
399;8.637415577411624736646773276;11.36454178247164972477111473;0;0;False;8.637415577411624736646773276;6.1E-27
400;7.390500213435437972459042740;11.32463693177513940926070685;0;0;False;7.390500213435437972459042740;-0.0004693412601236230728641948
401;11.79927977711246869616718878;11.37091108387181192237721990;0;0;False;11.79927977711246869616718878;5E-28
402;6.656650244169434199396772675;11.37539303929674329497735118;0;0;False;6.656650244169434199396772675;1.33E-26
403;16.60938601673710454828623992;11.28378743178159807053047599;0;0;False;16.60938601673710454828623992;-3.3E-27
404;0.01000000000000000020816681711721685132943093776702880859375;11.27056048173290099506911846;0;0;True;-155.6272856056590994090093832;-2.46E-27
405;0.01000000000000000020816681711721685132943093776702880859375;11.26323213160807396406552197;0;0;True;-154.8255748625126694505631358;-8E-28
406;16.88230530172486094245096186;11.32744852808249564915197876;0;0;False;16.88230530172486094245096186;0.0003508119154050514830105844
407;0.01000000000000000020816681711721685132943093776702880859375;11.46813203780614917494999889;0;0;True;-53.80877990041918837048090463;-3E-28
408;0.01000000000000000020816681711721685132943093776702880859375;11.43824601085533089372054554;0;0;True;-45.81784302509797906491592906;-2.0E-27
409;5.268356897061218099626393692;11.36454178374394989640755259;0;0;False;5.268356897061218099626393692;-1.2E-27
410;0.01000000000000000020816681711721685132943093776702880859375;11.32463693298382457231532275;0;0;True;-1316.425119001110332820453659;1.2E-27
411;45.36683459847044111918025686;11.37091108502006282727910495;0;0;True;45.36683459847044111918025686;0E-28
412;12.39937416199499495965078346;11.37539304038758165463414193;0;0;False;12.39937416199499495965078346;-0.0005140429246080826384662355
413;0.01000000000000000020816681711721685132943093776702880859375;11.28378743281789451220442715;0;0;True;-25.99282252508181993956883543;-1.49E-27
414;0.01000000000000000020816681711721685132943093776702880859375;11.27056048271738261465937202;0;0;True;-0.02815754837673517537515217674;7E-28
415;0.01000000000000000020816681711721685132943093776702880859375;11.26323213254333150267626281;0;0;True;-148.9257755813272068126280646;3.7E-27
416;22.47229734467964014009410611;11.32744852897099031083218252;0;0;False;22.47229734467964014009410611;0.0003980586038533799493753575
417;0.01000000000000000020816681711721685132943093776702880859375;11.46813203865021910354619242;0;0;True;-230.2682912255257110713472590;-3.0E-27
418;0.01000000000000000020816681711721685132943093776702880859375;11.43824601165719732588692936;0;0;True;-137.0311768930406318305334521;8E-28
419;9.370680225120154426762462365;11.36454178450572300696561718;0;0;False;9.370680225120154426762462365;-4.9E-27
420;1.226895879765618884713003348;11.32463693370750902734548408;0;0;False;1.226895879765618884713003348;-0.0002670310051065731228603315
421;30.64802860722718542807514797;11.37091108570756305955775818;0;0;False;30.64802860722718542807514797;0.0007322797527716502191508310
422;8.820764470071595311546036163;11.37539304104070687529886247;0;0;False;8.820764470071595311546036163;-0.0001499478547540364801514519
423;70.87817667533311936725312366;11.28378743343836347183591163;0;0;False;70.87817667533311936725312366;-3.86E-26
424;0.01000000000000000020816681711721685132943093776702880859375;11.27056048330682812630928225;0;0;True;-174.7445275263187622655771837;3.6E-27
425;0.01000000000000000020816681711721685132943093776702880859375;11.26323213310330473874367750;0;0;True;-147.7867991792155202689084866;-3E-28
426;8.450456014719371555903989415;11.32744852950296488509622645;0;0;False;8.450456014719371555903989415;0.0000862834405903886558545566
427;69.68112606621627692382017258;11.46813203915559494909703413;0;0;False;69.68112606621627692382017258;0.0001132159320421335370687252
428;0.01000000000000000020816681711721685132943093776702880859375;11.43824601213730437916022896;0;0;True;-189.7202512098001191059056341;2E-27
429;1.327390548330074929262632493;11.36454178496182470757525178;0;0;False;1.327390548330074929262632493;-1.2E-26
430;0.01000000000000000020816681711721685132943093776702880859375;11.32463693414080564292463693;0;0;True;-137.3925751896310809555556286;2.52E-27
431;15.24133632381319535161803700;11.37091108611919484435795337;0;0;False;15.24133632381319535161803700;-9.1E-27
432;0.01000000000000000020816681711721685132943093776702880859375;11.37539304143175707085904788;0;0;True;-2.917153345147070944011676099;1.746E-27
433;9.034766509176244448804115293;11.28378743380986115761808776;0;0;False;9.034766509176244448804115293;0.0007540270809582622258863583
434;0.01000000000000000020816681711721685132943093776702880859375;11.27056048365975092780234955;0;0;True;-145.1099436769357738464613043;0E-28
435;0.01000000000000000020816681711721685132943093776702880859375;11.26323213343858140016209142;0;0;True;-121.8297356659384265075333537;1.3E-27
436;0.01000000000000000020816681711721685132943093776702880859375;11.32744852982147771344371966;0;0;True;-102.9885479212415348511066805;6E-28
437;39.92314487777922243127544033;11.46813203945818213602715266;0;0;False;39.92314487777922243127544033;-1.91E-26
438;1.597777699898948184296018450;11.43824601242476220674384155;0;0;False;1.597777699898948184296018450;9.7E-27
439;0.01000000000000000020816681711721685132943093776702880859375;11.36454178523490964377968373;0;0;True;-283.3193486856776521188048839;-2.2E-27
440;35.75314023174851646334996349;11.32463693440023633231884727;0;0;True;35.75314023174851646334996349;3E-28
441;0.01000000000000000020816681711721685132943093776702880859375;11.37091108636565399928245318;0;0;True;-246.7571524795261808708736634;6.3E-27
442;0.01000000000000000020816681711721685132943093776702880859375;11.37539304166589326803732269;0;0;True;-10.27465229642431026706889539;4E-28
443;6.875273960403177125435192543;11.28378743403229054493744881;0;0;False;6.875273960403177125435192543;-1.2E-27
444;74.08926470362897436748172699;11.27056048387105884575574254;0;0;False;74.08926470362897436748172699;0.0001582791780587900007956859
445;26.37397381339707118919821225;11.26323213363932392221781475;0;0;False;26.37397381339707118919821225;1.83E-26
446;0.01000000000000000020816681711721685132943093776702880859375;11.32744853001218310939665681;0;0;True;-337.9067215805653813770256135;0E-28
447;21.36267898878756389410593706;11.46813203963935226218244295;0;0;False;21.36267898878756389410593706;0.0002450836922133940104694630
448;0.01000000000000000020816681711721685132943093776702880859375;11.43824601259687382659136732;0;0;True;-219.9852628432369796835307381;-4E-28
449;0.01000000000000000020816681711721685132943093776702880859375;11.36454178539841568263483320;0;0;True;-146.4988987242149679518498892;2.1E-27
450;19.91623744087376299652036639;11.32463693455556706923123926;0;0;False;19.91623744087376299652036639;0.0004562054337888081380610701
451;11.55077637853262792452692735;11.37091108651321819934922557;0;0;False;11.55077637853262792452692735;-0.0002777613803492713685966418
452;0.01000000000000000020816681711721685132943093776702880859375;11.37539304180607925810075645;0;0;True;-332.2493586527184279839497844;2.2E-27
453;0.01000000000000000020816681711721685132943093776702880859375;11.28378743416546723549771088;0;0;True;-167.2519658393861988101260634;-3.2E-27
454;0.01000000000000000020816681711721685132943093776702880859375;11.27056048399757670178799150;0;0;True;-130.1293734717330908058443983;-6E-28
455;31.97270219972740522234537640;11.26323213375951588544845125;0;0;False;31.97270219972740522234537640;0.0004765199372402536284493650
456;0.01000000000000000020816681711721685132943093776702880859375;11.32744853012636547446576148;0;0;True;-140.5185874291137219291580157;1.1E-27
457;41.42459613104167367987814383;11.46813203974782550899809238;0;0;False;41.42459613104167367987814383;-2.25E-26
458;0.01000000000000000020816681711721685132943093776702880859375;11.43824601269992341106623427;0;0;True;-130.3848850614615406338410588;-2E-28
459;0.01000000000000000020816681711721685132943093776702880859375;11.36454178549631278788595680;0;0;True;-86.62134262638015723911958145;4E-28
460;71.57076828262967546812919802;11.32463693464856931921980668;0;0;False;71.57076828262967546812919802;0.0005321889757287365198487384
461;0.01000000000000000020816681711721685132943093776702880859375;11.37091108660157033683836461;0;0;True;-373.1426338513911509868939093;3E-28
462;76.83711220006896006390349152;11.37539304189001378871543854;0;0;False;76.83711220006896006390349152;-6.22E-26
463;0.01000000000000000020816681711721685132943093776702880859375;11.28378743424520503958165886;0;0;True;-178.6713317906570673514567923;3.6E-27
464;0.01000000000000000020816681711721685132943093776702880859375;11.27056048407332761566774208;0;0;True;-153.1236868695634915956803758;4.0E-27
465;7.301300637180433978236001570;11.26323213383147925363421430;0;0;False;7.301300637180433978236001570;0.0000949475473170900151904159
466;32.92856689295803908833361467;11.32744853019473067424223638;0;0;False;32.92856689295803908833361467;0.0000891498696887170347438482
467;0.01000000000000000020816681711721685132943093776702880859375;11.46813203981277244878574353;0;0;True;-172.6210013419186424959208641;1.4E-27
468;0.01000000000000000020816681711721685132943093776702880859375;11.43824601276162300386450286;0;0;True;-131.2613219502187578297977444;-1E-28
469;0.01000000000000000020816681711721685132943093776702880859375;11.36454178555492740104431196;0;0;True;-436.0773101076453020662730340;-2E-28
470;22.56225051042544933115005510;11.32463693470425320172024408;0;0;False;22.56225051042544933115005510;0.0003272303232379831080275405
471;61.88452647756164682509267024;11.37091108665447002521378014;0;0;False;61.88452647756164682509267024;0.0001042590746538095313177948
472;0.01000000000000000020816681711721685132943093776702880859375;11.37539304194026849267208329;0;0;True;-378.3537592385027179022963611;-2.8E-27
473;0.01000000000000000020816681711721685132943093776702880859375;11.28378743429294700834047137;0;0;True;-79.73061945343406379982167561;-4E-28
474;0.01000000000000000020816681711721685132943093776702880859375;11.27056048411868248598861396;0;0;True;-134.2673774849003507657131436;1.8E-27
475;0.01000000000000000020816681711721685132943093776702880859375;11.26323213387456638043904259;0;0;True;-178.6220016471207332435548540;4E-28
476;0.01000000000000000020816681711721685132943093776702880859375;11.32744853023566344470682325;0;0;True;-138.6386964847408844575796374;1.179E-27
477;49.83090136943698239338696161;11.46813203985165858072710106;0;0;False;49.83090136943698239338696161;0.0006083914305845946444567626
478;0.01000000000000000020816681711721685132943093776702880859375;11.43824601279856482920879251;0;0;True;-205.1724760652467152918480817;-7E-28
479;0.01000000000000000020816681711721685132943093776702880859375;11.36454178559002213512138712;0;0;True;-135.4336435837115703749208222;-1.0E-27
480;14.99956866938734586489514462;11.32463693473759319909346548;0;0;False;14.99956866938734586489514462;0.0001014055365127307829481614
481;9.924687285392896744197999470;11.37091108668614302271834047;0;0;False;9.924687285392896744197999470;-0.0000874865330666735610939534
482;0.01000000000000000020816681711721685132943093776702880859375;11.37539304197035784030141560;0;0;True;-195.4716538999576757323761361;3.3E-27
483;1.598411565732645664492228858;11.28378743432153188858833707;0;0;False;1.598411565732645664492228858;-2.0E-27
484;0.01000000000000000020816681711721685132943093776702880859375;11.27056048414583812222408637;0;0;True;-401.0298642443131867955401497;2.9E-27
485;22.95640486526855908256018589;11.26323213390036423486274137;0;0;False;22.95640486526855908256018589;0.0004241205905706257157270501
486;0.01000000000000000020816681711721685132943093776702880859375;11.32744853026017140640933709;0;0;True;-217.0994556018676752760280513;-1.5E-27
487;0.01000000000000000020816681711721685132943093776702880859375;11.46813203987494114434448920;0;0;True;-134.7118366246586099937787747;-4E-28
488;0.01000000000000000020816681711721685132943093776702880859375;11.43824601282068326464531125;0;0;True;-114.1022529437386154883216032;1.0E-27
489;18.82240409074933942586427404;11.36454178561103464878607993;0;0;False;18.82240409074933942586427404;0.0002495448192749559998299321
490;0.01000000000000000020816681711721685132943093776702880859375;11.32463693475755508707492365;0;0;True;-81.22859827175331515384398671;7.6E-28
491;41.52473817926172617788051757;11.37091108670510681630072573;0;0;False;41.52473817926172617788051757;-2.31E-26
492;1.026416065959215347097973560;11.37539304198837344420468160;0;0;False;1.026416065959215347097973560;1.86E-26
493;6.869540037766876385294879949;11.28378743433864671229643977;0;0;False;6.869540037766876385294879949;0.0003764228081686530279655402
494;12.23604313055949741920544265;11.27056048416209720474678394;0;0;False;12.23604313055949741920544265;0.0000487511749640239474920444
495;0.01000000000000000020816681711721685132943093776702880859375;11.26323213391581036325930407;0;0;True;-164.1160700447552629669679340;-2.1E-27
496;25.12186611828709222666414568;11.32744853027484522838607166;0;0;False;25.12186611828709222666414568;0.0005060564997853268189518159
497;0.01000000000000000020816681711721685132943093776702880859375;11.46813203988888127522238704;0;0;True;-198.8602173118661384914364332;-1.9E-27
498;0.01000000000000000020816681711721685132943093776702880859375;11.43824601283392638897931419;0;0;True;-65.47628010634960506872199714;7E-28
499;0.01000000000000000020816681711721685132943093776702880859375;11.36454178562361561690338272;0;0;True;-269.0360317055030452006141515;5E-28
